

/*!40101 SET @OLD_CHARACTER_SET_CLIENT=@@CHARACTER_SET_CLIENT */;
/*!40101 SET NAMES utf8 */;
/*!50503 SET NAMES utf8mb4 */;
/*!40014 SET @OLD_FOREIGN_KEY_CHECKS=@@FOREIGN_KEY_CHECKS, FOREIGN_KEY_CHECKS=0 */;
/*!40101 SET @OLD_SQL_MODE=@@SQL_MODE, SQL_MODE='NO_AUTO_VALUE_ON_ZERO' */;
/*!40111 SET @OLD_SQL_NOTES=@@SQL_NOTES, SQL_NOTES=0 */;

-- Dumping data for table mealsformakers.categorytable: ~6 rows (approximately)
/*!40000 ALTER TABLE `categorytable` DISABLE KEYS */;
INSERT INTO `categorytable` (`id`, `catname`, `catdesc`, `iconthemeenergy`) VALUES
	('0a292fac', 'Appetizers', '', 'icon-themeenergy_pasta'),
	('2cc4ac0e', 'Desserts', '', 'icon-themeenergy_cupcake'),
	('612f0956', 'Dinner', '', 'icon-themeenergy_soup2'),
	('8e1f5b8b', 'Snacks', '', 'icon-themeenergy_fried-potatoes'),
	('ee4e839b', 'Viands (Tanghalian)', '', 'icon-themeenergy_turkey'),
	('efabcccb', 'Miscellaneous', '', 'icon-themeenergy_sushi');
/*!40000 ALTER TABLE `categorytable` ENABLE KEYS */;

-- Dumping data for table mealsformakers.commtable: ~15 rows (approximately)
/*!40000 ALTER TABLE `commtable` DISABLE KEYS */;
INSERT INTO `commtable` (`commIndex`, `userIndex`, `rating`, `comment`, `recipeIndex`, `dte`) VALUES
	('6475HYv', 'rPq89ES', -1, 'Lorem ipsum dolor sit amet, consectetur adipiscing elit, sed do eiusmod tempor incididunt ut labore et dolore magna aliqua. Nunc lobortis mattis aliquam faucibus purus in massa tempor. Elit pellentesque habitant morbi tristique senectus et netus. Non consectetur a erat nam at lectus. Sed turpis tincidunt id aliquet risus feugiat in ante. Est ullamcorper eget nulla facilisi etiam dignissim. Odio aenean sed adipiscing diam donec adipiscing tristique risus nec. Amet dictum sit amet justo donec. Id venenatis a condimentum vitae. Laoreet sit amet cursus sit amet.\n\nArcu cursus euismod quis viverra. Consectetur adipiscing elit ut aliquam purus sit amet luctus. Luctus venenatis lectus magna fringilla. Magna eget est lorem ipsum dolor. Sodales neque sodales ut etiam sit amet nisl. Sem et tortor consequat id porta nibh venenatis. Quis imperdiet massa tincidunt nunc pulvinar sapien et. Ipsum suspendisse ultrices gravida dictum fusce ut. Phasellus faucibus scelerisque eleifend donec pretium. Cras sed felis eget velit aliquet. At erat pellentesque adipiscing commodo elit at imperdiet dui accumsan. Morbi blandit cursus risus at ultrices mi tempus. Suscipit tellus mauris a diam maecenas. Amet luctus venenatis lectus magna fringilla urna porttitor rhoncus.\n\nLorem ipsum dolor sit amet, consectetur adipiscing elit, sed do eiusmod tempor incididunt ut labore et dolore magna aliqua. Nunc lobortis mattis aliquam faucibus purus in massa tempor. Elit pellentesque habitant morbi tristique senectus et netus. Non consectetur a erat nam at lectus. Sed turpis tincidunt id aliquet risus feugiat in ante. Est ullamcorper eget nulla facilisi etiam dignissim. Odio aenean sed adipiscing diam donec adipiscing tristique risus nec. Amet dictum sit amet justo donec. Id venenatis a condimentum vitae. Laoreet sit amet cursus sit amet.\n\nArcu cursus euismod quis viverra. Consectetur adipiscing elit ut aliquam purus sit amet luctus. Luctus venenatis lectus magna fringilla. Magna eget est lorem ipsum dolor. Sodales neque sodales ut etiam sit amet nisl. Sem et tortor consequat id porta nibh venenatis. Quis imperdiet massa tincidunt nunc pulvinar sapien et. Ipsum suspendisse ultrices gravida dictum fusce ut. Phasellus faucibus scelerisque eleifend donec pretium. Cras sed felis eget velit aliquet. At erat pellentesque adipiscing commodo elit at imperdiet dui accumsan. Morbi blandit cursus risus at ultrices mi tempus. Suscipit tellus mauris a diam maecenas. Amet luctus venenatis lectus magna fringilla urna porttitor rhoncus.\n\nLorem ipsum dolor sit amet, consectetur adipiscing elit, sed do eiusmod tempor incididunt ut labore et dolore magna aliqua. Nunc lobortis mattis aliquam faucibus purus in massa tempor. Elit pellentesque habitant morbi tristique senectus et netus. Non consectetur a erat nam at lectus. Sed turpis tincidunt id aliquet risus feugiat in ante. Est ullamcorper eget nulla facilisi etiam dignissim. Odio aenean sed adipiscing diam donec adipiscing tristique risus nec. Amet dictum sit amet justo donec. Id venenatis a condimentum vitae. Laoreet sit amet cursus sit amet.\n\nArcu cursus euismod quis viverra. Consectetur adipiscing elit ut aliquam purus sit amet luctus. Luctus venenatis lectus magna fringilla. Magna eget est lorem ipsum dolor. Sodales neque sodales ut etiam sit amet nisl. Sem et tortor consequat id porta nibh venenatis. Quis imperdiet massa tincidunt nunc pulvinar sapien et. Ipsum suspendisse ultrices gravida dictum fusce ut. Phasellus faucibus scelerisque eleifend donec pretium. Cras sed felis eget velit aliquet. At erat pellentesque adipiscing commodo elit at imperdiet dui accumsan. Morbi blandit cursus risus at ultrices mi tempus. Suscipit tellus mauris a diam maecenas. Amet luctus venenatis lectus magna fringilla urna porttitor rhoncus.', '3XKMJKU', '2022-01-07 20:57:39'),
	('6LnYyp7', 'kphViPE', -1, 'Nice', 'yT30fMk', '2022-01-08 10:19:25'),
	('9EzDLKm', 'WPcQqzp', -1, 'testing', 'WbfvKMZ', '2022-01-08 11:02:05'),
	('AXvcR9t', '7jXD1CI', -1, 'Great recipe!', 'yT30fMk', '2022-01-08 10:00:55'),
	('BYqFP7x', 'rPq89ES', -1, 'Lorem ipsum dolor sit amet, consectetur adipiscing elit, sed do eiusmod tempor incididunt ut labore et dolore magna aliqua. Nunc lobortis mattis aliquam faucibus purus in massa tempor. Elit pellentesque habitant morbi tristique senectus et netus. Non consectetur a erat nam at lectus. Sed turpis tincidunt id aliquet risus feugiat in ante. Est ullamcorper eget nulla facilisi etiam dignissim. Odio aenean sed adipiscing diam donec adipiscing tristique risus nec. Amet dictum sit amet justo donec. Id venenatis a condimentum vitae. Laoreet sit amet cursus sit amet.\n\nArcu cursus euismod quis viverra. Consectetur adipiscing elit ut aliquam purus sit amet luctus. Luctus venenatis lectus magna fringilla. Magna eget est lorem ipsum dolor. Sodales neque sodales ut etiam sit amet nisl. Sem et tortor consequat id porta nibh venenatis. Quis imperdiet massa tincidunt nunc pulvinar sapien et. Ipsum suspendisse ultrices gravida dictum fusce ut. Phasellus faucibus scelerisque eleifend donec pretium. Cras sed felis eget velit aliquet. At erat pellentesque adipiscing commodo elit at imperdiet dui accumsan. Morbi blandit cursus risus at ultrices mi tempus. Suscipit tellus mauris a diam maecenas. Amet luctus venenatis lectus magna fringilla urna porttitor rhoncus.\n\nLorem ipsum dolor sit amet, consectetur adipiscing elit, sed do eiusmod tempor incididunt ut labore et dolore magna aliqua. Nunc lobortis mattis aliquam faucibus purus in massa tempor. Elit pellentesque habitant morbi tristique senectus et netus. Non consectetur a erat nam at lectus. Sed turpis tincidunt id aliquet risus feugiat in ante. Est ullamcorper eget nulla facilisi etiam dignissim. Odio aenean sed adipiscing diam donec adipiscing tristique risus nec. Amet dictum sit amet justo donec. Id venenatis a condimentum vitae. Laoreet sit amet cursus sit amet.\n\nArcu cursus euismod quis viverra. Consectetur adipiscing elit ut aliquam purus sit amet luctus. Luctus venenatis lectus magna fringilla. Magna eget est lorem ipsum dolor. Sodales neque sodales ut etiam sit amet nisl. Sem et tortor consequat id porta nibh venenatis. Quis imperdiet massa tincidunt nunc pulvinar sapien et. Ipsum suspendisse ultrices gravida dictum fusce ut. Phasellus faucibus scelerisque eleifend donec pretium. Cras sed felis eget velit aliquet. At erat pellentesque adipiscing commodo elit at imperdiet dui accumsan. Morbi blandit cursus risus at ultrices mi tempus. Suscipit tellus mauris a diam maecenas. Amet luctus venenatis lectus magna fringilla urna porttitor rhoncus.\n\nLorem ipsum dolor sit amet, consectetur adipiscing elit, sed do eiusmod tempor incididunt ut labore et dolore magna aliqua. Nunc lobortis mattis aliquam faucibus purus in massa tempor. Elit pellentesque habitant morbi tristique senectus et netus. Non consectetur a erat nam at lectus. Sed turpis tincidunt id aliquet risus feugiat in ante. Est ullamcorper eget nulla facilisi etiam dignissim. Odio aenean sed adipiscing diam donec adipiscing tristique risus nec. Amet dictum sit amet justo donec. Id venenatis a condimentum vitae. Laoreet sit amet cursus sit amet.\n\nArcu cursus euismod quis viverra. Consectetur adipiscing elit ut aliquam purus sit amet luctus. Luctus venenatis lectus magna fringilla. Magna eget est lorem ipsum dolor. Sodales neque sodales ut etiam sit amet nisl. Sem et tortor consequat id porta nibh venenatis. Quis imperdiet massa tincidunt nunc pulvinar sapien et. Ipsum suspendisse ultrices gravida dictum fusce ut. Phasellus faucibus scelerisque eleifend donec pretium. Cras sed felis eget velit aliquet. At erat pellentesque adipiscing commodo elit at imperdiet dui accumsan. Morbi blandit cursus risus at ultrices mi tempus. Suscipit tellus mauris a diam maecenas. Amet luctus venenatis lectus magna fringilla urna porttitor rhoncus.', '3XKMJKU', '2022-01-07 20:57:42'),
	('D1rK27N', 'xNbLIkI', -1, 'borrowed from Spanish, "marinade," noun derivative of adobar "to arrange, prepare, cook, marinate," borrowed from Old French adober "to arm (a knight), prepare," from a- (going back to Latin ad- AD-)   -dober, borrowed from Old Low Franconian *dubban "to strike"; akin to Old Frisian dubba "to hit, knock" — more at DUB entry 1\n\n', 'XJVQMrL', '2022-01-08 10:53:09'),
	('Dzm3JSD', 'rPq89ES', -1, 'Lorem ipsum dolor sit amet, consectetur adipiscing elit, sed do eiusmod tempor incididunt ut labore et dolore magna aliqua. Nunc lobortis mattis aliquam faucibus purus in massa tempor. Elit pellentesque habitant morbi tristique senectus et netus. Non consectetur a erat nam at lectus. Sed turpis tincidunt id aliquet risus feugiat in ante. Est ullamcorper eget nulla facilisi etiam dignissim. Odio aenean sed adipiscing diam donec adipiscing tristique risus nec. Amet dictum sit amet justo donec. Id venenatis a condimentum vitae. Laoreet sit amet cursus sit amet.\n\nArcu cursus euismod quis viverra. Consectetur adipiscing elit ut aliquam purus sit amet luctus. Luctus venenatis lectus magna fringilla. Magna eget est lorem ipsum dolor. Sodales neque sodales ut etiam sit amet nisl. Sem et tortor consequat id porta nibh venenatis. Quis imperdiet massa tincidunt nunc pulvinar sapien et. Ipsum suspendisse ultrices gravida dictum fusce ut. Phasellus faucibus scelerisque eleifend donec pretium. Cras sed felis eget velit aliquet. At erat pellentesque adipiscing commodo elit at imperdiet dui accumsan. Morbi blandit cursus risus at ultrices mi tempus. Suscipit tellus mauris a diam maecenas. Amet luctus venenatis lectus magna fringilla urna porttitor rhoncus.\n\nLorem ipsum dolor sit amet, consectetur adipiscing elit, sed do eiusmod tempor incididunt ut labore et dolore magna aliqua. Nunc lobortis mattis aliquam faucibus purus in massa tempor. Elit pellentesque habitant morbi tristique senectus et netus. Non consectetur a erat nam at lectus. Sed turpis tincidunt id aliquet risus feugiat in ante. Est ullamcorper eget nulla facilisi etiam dignissim. Odio aenean sed adipiscing diam donec adipiscing tristique risus nec. Amet dictum sit amet justo donec. Id venenatis a condimentum vitae. Laoreet sit amet cursus sit amet.\n\nArcu cursus euismod quis viverra. Consectetur adipiscing elit ut aliquam purus sit amet luctus. Luctus venenatis lectus magna fringilla. Magna eget est lorem ipsum dolor. Sodales neque sodales ut etiam sit amet nisl. Sem et tortor consequat id porta nibh venenatis. Quis imperdiet massa tincidunt nunc pulvinar sapien et. Ipsum suspendisse ultrices gravida dictum fusce ut. Phasellus faucibus scelerisque eleifend donec pretium. Cras sed felis eget velit aliquet. At erat pellentesque adipiscing commodo elit at imperdiet dui accumsan. Morbi blandit cursus risus at ultrices mi tempus. Suscipit tellus mauris a diam maecenas. Amet luctus venenatis lectus magna fringilla urna porttitor rhoncus.\n\nLorem ipsum dolor sit amet, consectetur adipiscing elit, sed do eiusmod tempor incididunt ut labore et dolore magna aliqua. Nunc lobortis mattis aliquam faucibus purus in massa tempor. Elit pellentesque habitant morbi tristique senectus et netus. Non consectetur a erat nam at lectus. Sed turpis tincidunt id aliquet risus feugiat in ante. Est ullamcorper eget nulla facilisi etiam dignissim. Odio aenean sed adipiscing diam donec adipiscing tristique risus nec. Amet dictum sit amet justo donec. Id venenatis a condimentum vitae. Laoreet sit amet cursus sit amet.\n\nArcu cursus euismod quis viverra. Consectetur adipiscing elit ut aliquam purus sit amet luctus. Luctus venenatis lectus magna fringilla. Magna eget est lorem ipsum dolor. Sodales neque sodales ut etiam sit amet nisl. Sem et tortor consequat id porta nibh venenatis. Quis imperdiet massa tincidunt nunc pulvinar sapien et. Ipsum suspendisse ultrices gravida dictum fusce ut. Phasellus faucibus scelerisque eleifend donec pretium. Cras sed felis eget velit aliquet. At erat pellentesque adipiscing commodo elit at imperdiet dui accumsan. Morbi blandit cursus risus at ultrices mi tempus. Suscipit tellus mauris a diam maecenas. Amet luctus venenatis lectus magna fringilla urna porttitor rhoncus.', '3XKMJKU', '2022-01-07 20:57:40'),
	('fRff1vO', 'Y9tmhmC', -1, 'fsdfsdfsf', 'Bgjrh4K', '2021-11-25 12:44:09'),
	('g3U7SmG', 'Y9tmhmC', -1, 'Test comment 2', 'Bgjrh4K', '2021-11-25 12:43:36'),
	('GMgbLYR', 'WPcQqzp', -1, 'testing', 'WbfvKMZ', '2022-01-08 11:02:12'),
	('h4ByRyq', 'rPq89ES', -1, 'Lorem ipsum dolor sit amet, consectetur adipiscing elit, sed do eiusmod tempor incididunt ut labore et dolore magna aliqua. Nunc lobortis mattis aliquam faucibus purus in massa tempor. Elit pellentesque habitant morbi tristique senectus et netus. Non consectetur a erat nam at lectus. Sed turpis tincidunt id aliquet risus feugiat in ante. Est ullamcorper eget nulla facilisi etiam dignissim. Odio aenean sed adipiscing diam donec adipiscing tristique risus nec. Amet dictum sit amet justo donec. Id venenatis a condimentum vitae. Laoreet sit amet cursus sit amet.\n\nArcu cursus euismod quis viverra. Consectetur adipiscing elit ut aliquam purus sit amet luctus. Luctus venenatis lectus magna fringilla. Magna eget est lorem ipsum dolor. Sodales neque sodales ut etiam sit amet nisl. Sem et tortor consequat id porta nibh venenatis. Quis imperdiet massa tincidunt nunc pulvinar sapien et. Ipsum suspendisse ultrices gravida dictum fusce ut. Phasellus faucibus scelerisque eleifend donec pretium. Cras sed felis eget velit aliquet. At erat pellentesque adipiscing commodo elit at imperdiet dui accumsan. Morbi blandit cursus risus at ultrices mi tempus. Suscipit tellus mauris a diam maecenas. Amet luctus venenatis lectus magna fringilla urna porttitor rhoncus.\n\nLorem ipsum dolor sit amet, consectetur adipiscing elit, sed do eiusmod tempor incididunt ut labore et dolore magna aliqua. Nunc lobortis mattis aliquam faucibus purus in massa tempor. Elit pellentesque habitant morbi tristique senectus et netus. Non consectetur a erat nam at lectus. Sed turpis tincidunt id aliquet risus feugiat in ante. Est ullamcorper eget nulla facilisi etiam dignissim. Odio aenean sed adipiscing diam donec adipiscing tristique risus nec. Amet dictum sit amet justo donec. Id venenatis a condimentum vitae. Laoreet sit amet cursus sit amet.\n\nArcu cursus euismod quis viverra. Consectetur adipiscing elit ut aliquam purus sit amet luctus. Luctus venenatis lectus magna fringilla. Magna eget est lorem ipsum dolor. Sodales neque sodales ut etiam sit amet nisl. Sem et tortor consequat id porta nibh venenatis. Quis imperdiet massa tincidunt nunc pulvinar sapien et. Ipsum suspendisse ultrices gravida dictum fusce ut. Phasellus faucibus scelerisque eleifend donec pretium. Cras sed felis eget velit aliquet. At erat pellentesque adipiscing commodo elit at imperdiet dui accumsan. Morbi blandit cursus risus at ultrices mi tempus. Suscipit tellus mauris a diam maecenas. Amet luctus venenatis lectus magna fringilla urna porttitor rhoncus.\n\nLorem ipsum dolor sit amet, consectetur adipiscing elit, sed do eiusmod tempor incididunt ut labore et dolore magna aliqua. Nunc lobortis mattis aliquam faucibus purus in massa tempor. Elit pellentesque habitant morbi tristique senectus et netus. Non consectetur a erat nam at lectus. Sed turpis tincidunt id aliquet risus feugiat in ante. Est ullamcorper eget nulla facilisi etiam dignissim. Odio aenean sed adipiscing diam donec adipiscing tristique risus nec. Amet dictum sit amet justo donec. Id venenatis a condimentum vitae. Laoreet sit amet cursus sit amet.\n\nArcu cursus euismod quis viverra. Consectetur adipiscing elit ut aliquam purus sit amet luctus. Luctus venenatis lectus magna fringilla. Magna eget est lorem ipsum dolor. Sodales neque sodales ut etiam sit amet nisl. Sem et tortor consequat id porta nibh venenatis. Quis imperdiet massa tincidunt nunc pulvinar sapien et. Ipsum suspendisse ultrices gravida dictum fusce ut. Phasellus faucibus scelerisque eleifend donec pretium. Cras sed felis eget velit aliquet. At erat pellentesque adipiscing commodo elit at imperdiet dui accumsan. Morbi blandit cursus risus at ultrices mi tempus. Suscipit tellus mauris a diam maecenas. Amet luctus venenatis lectus magna fringilla urna porttitor rhoncus.', '3XKMJKU', '2022-01-07 20:57:41'),
	('meTm7Hb', 'rPq89ES', -1, 'Lorem ipsum dolor sit amet, consectetur adipiscing elit, sed do eiusmod tempor incididunt ut labore et dolore magna aliqua. Nunc lobortis mattis aliquam faucibus purus in massa tempor. Elit pellentesque habitant morbi tristique senectus et netus. Non consectetur a erat nam at lectus. Sed turpis tincidunt id aliquet risus feugiat in ante. Est ullamcorper eget nulla facilisi etiam dignissim. Odio aenean sed adipiscing diam donec adipiscing tristique risus nec. Amet dictum sit amet justo donec. Id venenatis a condimentum vitae. Laoreet sit amet cursus sit amet.\n\nArcu cursus euismod quis viverra. Consectetur adipiscing elit ut aliquam purus sit amet luctus. Luctus venenatis lectus magna fringilla. Magna eget est lorem ipsum dolor. Sodales neque sodales ut etiam sit amet nisl. Sem et tortor consequat id porta nibh venenatis. Quis imperdiet massa tincidunt nunc pulvinar sapien et. Ipsum suspendisse ultrices gravida dictum fusce ut. Phasellus faucibus scelerisque eleifend donec pretium. Cras sed felis eget velit aliquet. At erat pellentesque adipiscing commodo elit at imperdiet dui accumsan. Morbi blandit cursus risus at ultrices mi tempus. Suscipit tellus mauris a diam maecenas. Amet luctus venenatis lectus magna fringilla urna porttitor rhoncus.\n\nLorem ipsum dolor sit amet, consectetur adipiscing elit, sed do eiusmod tempor incididunt ut labore et dolore magna aliqua. Nunc lobortis mattis aliquam faucibus purus in massa tempor. Elit pellentesque habitant morbi tristique senectus et netus. Non consectetur a erat nam at lectus. Sed turpis tincidunt id aliquet risus feugiat in ante. Est ullamcorper eget nulla facilisi etiam dignissim. Odio aenean sed adipiscing diam donec adipiscing tristique risus nec. Amet dictum sit amet justo donec. Id venenatis a condimentum vitae. Laoreet sit amet cursus sit amet.\n\nArcu cursus euismod quis viverra. Consectetur adipiscing elit ut aliquam purus sit amet luctus. Luctus venenatis lectus magna fringilla. Magna eget est lorem ipsum dolor. Sodales neque sodales ut etiam sit amet nisl. Sem et tortor consequat id porta nibh venenatis. Quis imperdiet massa tincidunt nunc pulvinar sapien et. Ipsum suspendisse ultrices gravida dictum fusce ut. Phasellus faucibus scelerisque eleifend donec pretium. Cras sed felis eget velit aliquet. At erat pellentesque adipiscing commodo elit at imperdiet dui accumsan. Morbi blandit cursus risus at ultrices mi tempus. Suscipit tellus mauris a diam maecenas. Amet luctus venenatis lectus magna fringilla urna porttitor rhoncus.\n\nLorem ipsum dolor sit amet, consectetur adipiscing elit, sed do eiusmod tempor incididunt ut labore et dolore magna aliqua. Nunc lobortis mattis aliquam faucibus purus in massa tempor. Elit pellentesque habitant morbi tristique senectus et netus. Non consectetur a erat nam at lectus. Sed turpis tincidunt id aliquet risus feugiat in ante. Est ullamcorper eget nulla facilisi etiam dignissim. Odio aenean sed adipiscing diam donec adipiscing tristique risus nec. Amet dictum sit amet justo donec. Id venenatis a condimentum vitae. Laoreet sit amet cursus sit amet.\n\nArcu cursus euismod quis viverra. Consectetur adipiscing elit ut aliquam purus sit amet luctus. Luctus venenatis lectus magna fringilla. Magna eget est lorem ipsum dolor. Sodales neque sodales ut etiam sit amet nisl. Sem et tortor consequat id porta nibh venenatis. Quis imperdiet massa tincidunt nunc pulvinar sapien et. Ipsum suspendisse ultrices gravida dictum fusce ut. Phasellus faucibus scelerisque eleifend donec pretium. Cras sed felis eget velit aliquet. At erat pellentesque adipiscing commodo elit at imperdiet dui accumsan. Morbi blandit cursus risus at ultrices mi tempus. Suscipit tellus mauris a diam maecenas. Amet luctus venenatis lectus magna fringilla urna porttitor rhoncus.', '3XKMJKU', '2022-01-07 20:57:37'),
	('NM3AUzt', 'Y9tmhmC', -1, 'Hello world', 'Bgjrh4K', '2021-11-25 11:01:58'),
	('NsbTYA8', 'rPq89ES', -1, 'Lorem ipsum dolor sit amet, consectetur adipiscing elit, sed do eiusmod tempor incididunt ut labore et dolore magna aliqua. Nunc lobortis mattis aliquam faucibus purus in massa tempor. Elit pellentesque habitant morbi tristique senectus et netus. Non consectetur a erat nam at lectus. Sed turpis tincidunt id aliquet risus feugiat in ante. Est ullamcorper eget nulla facilisi etiam dignissim. Odio aenean sed adipiscing diam donec adipiscing tristique risus nec. Amet dictum sit amet justo donec. Id venenatis a condimentum vitae. Laoreet sit amet cursus sit amet.\n\nArcu cursus euismod quis viverra. Consectetur adipiscing elit ut aliquam purus sit amet luctus. Luctus venenatis lectus magna fringilla. Magna eget est lorem ipsum dolor. Sodales neque sodales ut etiam sit amet nisl. Sem et tortor consequat id porta nibh venenatis. Quis imperdiet massa tincidunt nunc pulvinar sapien et. Ipsum suspendisse ultrices gravida dictum fusce ut. Phasellus faucibus scelerisque eleifend donec pretium. Cras sed felis eget velit aliquet. At erat pellentesque adipiscing commodo elit at imperdiet dui accumsan. Morbi blandit cursus risus at ultrices mi tempus. Suscipit tellus mauris a diam maecenas. Amet luctus venenatis lectus magna fringilla urna porttitor rhoncus.\n\nLorem ipsum dolor sit amet, consectetur adipiscing elit, sed do eiusmod tempor incididunt ut labore et dolore magna aliqua. Nunc lobortis mattis aliquam faucibus purus in massa tempor. Elit pellentesque habitant morbi tristique senectus et netus. Non consectetur a erat nam at lectus. Sed turpis tincidunt id aliquet risus feugiat in ante. Est ullamcorper eget nulla facilisi etiam dignissim. Odio aenean sed adipiscing diam donec adipiscing tristique risus nec. Amet dictum sit amet justo donec. Id venenatis a condimentum vitae. Laoreet sit amet cursus sit amet.\n\nArcu cursus euismod quis viverra. Consectetur adipiscing elit ut aliquam purus sit amet luctus. Luctus venenatis lectus magna fringilla. Magna eget est lorem ipsum dolor. Sodales neque sodales ut etiam sit amet nisl. Sem et tortor consequat id porta nibh venenatis. Quis imperdiet massa tincidunt nunc pulvinar sapien et. Ipsum suspendisse ultrices gravida dictum fusce ut. Phasellus faucibus scelerisque eleifend donec pretium. Cras sed felis eget velit aliquet. At erat pellentesque adipiscing commodo elit at imperdiet dui accumsan. Morbi blandit cursus risus at ultrices mi tempus. Suscipit tellus mauris a diam maecenas. Amet luctus venenatis lectus magna fringilla urna porttitor rhoncus.\n\nLorem ipsum dolor sit amet, consectetur adipiscing elit, sed do eiusmod tempor incididunt ut labore et dolore magna aliqua. Nunc lobortis mattis aliquam faucibus purus in massa tempor. Elit pellentesque habitant morbi tristique senectus et netus. Non consectetur a erat nam at lectus. Sed turpis tincidunt id aliquet risus feugiat in ante. Est ullamcorper eget nulla facilisi etiam dignissim. Odio aenean sed adipiscing diam donec adipiscing tristique risus nec. Amet dictum sit amet justo donec. Id venenatis a condimentum vitae. Laoreet sit amet cursus sit amet.\n\nArcu cursus euismod quis viverra. Consectetur adipiscing elit ut aliquam purus sit amet luctus. Luctus venenatis lectus magna fringilla. Magna eget est lorem ipsum dolor. Sodales neque sodales ut etiam sit amet nisl. Sem et tortor consequat id porta nibh venenatis. Quis imperdiet massa tincidunt nunc pulvinar sapien et. Ipsum suspendisse ultrices gravida dictum fusce ut. Phasellus faucibus scelerisque eleifend donec pretium. Cras sed felis eget velit aliquet. At erat pellentesque adipiscing commodo elit at imperdiet dui accumsan. Morbi blandit cursus risus at ultrices mi tempus. Suscipit tellus mauris a diam maecenas. Amet luctus venenatis lectus magna fringilla urna porttitor rhoncus.', '3XKMJKU', '2022-01-07 20:57:38'),
	('obJzYBG', 'Y9tmhmC', -1, 'nice instructions bro...', 'lX6L4JN', '2021-11-26 00:37:56'),
	('PFwRJoc', 'rPq89ES', -1, 'Lorem ipsum dolor sit amet, consectetur adipiscing elit, sed do eiusmod tempor incididunt ut labore et dolore magna aliqua. Nunc lobortis mattis aliquam faucibus purus in massa tempor. Elit pellentesque habitant morbi tristique senectus et netus. Non consectetur a erat nam at lectus. Sed turpis tincidunt id aliquet risus feugiat in ante. Est ullamcorper eget nulla facilisi etiam dignissim. Odio aenean sed adipiscing diam donec adipiscing tristique risus nec. Amet dictum sit amet justo donec. Id venenatis a condimentum vitae. Laoreet sit amet cursus sit amet.\n\nArcu cursus euismod quis viverra. Consectetur adipiscing elit ut aliquam purus sit amet luctus. Luctus venenatis lectus magna fringilla. Magna eget est lorem ipsum dolor. Sodales neque sodales ut etiam sit amet nisl. Sem et tortor consequat id porta nibh venenatis. Quis imperdiet massa tincidunt nunc pulvinar sapien et. Ipsum suspendisse ultrices gravida dictum fusce ut. Phasellus faucibus scelerisque eleifend donec pretium. Cras sed felis eget velit aliquet. At erat pellentesque adipiscing commodo elit at imperdiet dui accumsan. Morbi blandit cursus risus at ultrices mi tempus. Suscipit tellus mauris a diam maecenas. Amet luctus venenatis lectus magna fringilla urna porttitor rhoncus.\n\nLorem ipsum dolor sit amet, consectetur adipiscing elit, sed do eiusmod tempor incididunt ut labore et dolore magna aliqua. Nunc lobortis mattis aliquam faucibus purus in massa tempor. Elit pellentesque habitant morbi tristique senectus et netus. Non consectetur a erat nam at lectus. Sed turpis tincidunt id aliquet risus feugiat in ante. Est ullamcorper eget nulla facilisi etiam dignissim. Odio aenean sed adipiscing diam donec adipiscing tristique risus nec. Amet dictum sit amet justo donec. Id venenatis a condimentum vitae. Laoreet sit amet cursus sit amet.\n\nArcu cursus euismod quis viverra. Consectetur adipiscing elit ut aliquam purus sit amet luctus. Luctus venenatis lectus magna fringilla. Magna eget est lorem ipsum dolor. Sodales neque sodales ut etiam sit amet nisl. Sem et tortor consequat id porta nibh venenatis. Quis imperdiet massa tincidunt nunc pulvinar sapien et. Ipsum suspendisse ultrices gravida dictum fusce ut. Phasellus faucibus scelerisque eleifend donec pretium. Cras sed felis eget velit aliquet. At erat pellentesque adipiscing commodo elit at imperdiet dui accumsan. Morbi blandit cursus risus at ultrices mi tempus. Suscipit tellus mauris a diam maecenas. Amet luctus venenatis lectus magna fringilla urna porttitor rhoncus.\n\nLorem ipsum dolor sit amet, consectetur adipiscing elit, sed do eiusmod tempor incididunt ut labore et dolore magna aliqua. Nunc lobortis mattis aliquam faucibus purus in massa tempor. Elit pellentesque habitant morbi tristique senectus et netus. Non consectetur a erat nam at lectus. Sed turpis tincidunt id aliquet risus feugiat in ante. Est ullamcorper eget nulla facilisi etiam dignissim. Odio aenean sed adipiscing diam donec adipiscing tristique risus nec. Amet dictum sit amet justo donec. Id venenatis a condimentum vitae. Laoreet sit amet cursus sit amet.\n\nArcu cursus euismod quis viverra. Consectetur adipiscing elit ut aliquam purus sit amet luctus. Luctus venenatis lectus magna fringilla. Magna eget est lorem ipsum dolor. Sodales neque sodales ut etiam sit amet nisl. Sem et tortor consequat id porta nibh venenatis. Quis imperdiet massa tincidunt nunc pulvinar sapien et. Ipsum suspendisse ultrices gravida dictum fusce ut. Phasellus faucibus scelerisque eleifend donec pretium. Cras sed felis eget velit aliquet. At erat pellentesque adipiscing commodo elit at imperdiet dui accumsan. Morbi blandit cursus risus at ultrices mi tempus. Suscipit tellus mauris a diam maecenas. Amet luctus venenatis lectus magna fringilla urna porttitor rhoncus.', '3XKMJKU', '2022-01-07 20:57:44'),
	('PJ9Nut5', 'rPq89ES', -1, 'Lorem ipsum dolor sit amet, consectetur adipiscing elit, sed do eiusmod tempor incididunt ut labore et dolore magna aliqua. Nunc lobortis mattis aliquam faucibus purus in massa tempor. Elit pellentesque habitant morbi tristique senectus et netus. Non consectetur a erat nam at lectus. Sed turpis tincidunt id aliquet risus feugiat in ante. Est ullamcorper eget nulla facilisi etiam dignissim. Odio aenean sed adipiscing diam donec adipiscing tristique risus nec. Amet dictum sit amet justo donec. Id venenatis a condimentum vitae. Laoreet sit amet cursus sit amet.\n\nArcu cursus euismod quis viverra. Consectetur adipiscing elit ut aliquam purus sit amet luctus. Luctus venenatis lectus magna fringilla. Magna eget est lorem ipsum dolor. Sodales neque sodales ut etiam sit amet nisl. Sem et tortor consequat id porta nibh venenatis. Quis imperdiet massa tincidunt nunc pulvinar sapien et. Ipsum suspendisse ultrices gravida dictum fusce ut. Phasellus faucibus scelerisque eleifend donec pretium. Cras sed felis eget velit aliquet. At erat pellentesque adipiscing commodo elit at imperdiet dui accumsan. Morbi blandit cursus risus at ultrices mi tempus. Suscipit tellus mauris a diam maecenas. Amet luctus venenatis lectus magna fringilla urna porttitor rhoncus.\n\nLorem ipsum dolor sit amet, consectetur adipiscing elit, sed do eiusmod tempor incididunt ut labore et dolore magna aliqua. Nunc lobortis mattis aliquam faucibus purus in massa tempor. Elit pellentesque habitant morbi tristique senectus et netus. Non consectetur a erat nam at lectus. Sed turpis tincidunt id aliquet risus feugiat in ante. Est ullamcorper eget nulla facilisi etiam dignissim. Odio aenean sed adipiscing diam donec adipiscing tristique risus nec. Amet dictum sit amet justo donec. Id venenatis a condimentum vitae. Laoreet sit amet cursus sit amet.\n\nArcu cursus euismod quis viverra. Consectetur adipiscing elit ut aliquam purus sit amet luctus. Luctus venenatis lectus magna fringilla. Magna eget est lorem ipsum dolor. Sodales neque sodales ut etiam sit amet nisl. Sem et tortor consequat id porta nibh venenatis. Quis imperdiet massa tincidunt nunc pulvinar sapien et. Ipsum suspendisse ultrices gravida dictum fusce ut. Phasellus faucibus scelerisque eleifend donec pretium. Cras sed felis eget velit aliquet. At erat pellentesque adipiscing commodo elit at imperdiet dui accumsan. Morbi blandit cursus risus at ultrices mi tempus. Suscipit tellus mauris a diam maecenas. Amet luctus venenatis lectus magna fringilla urna porttitor rhoncus.\n\nLorem ipsum dolor sit amet, consectetur adipiscing elit, sed do eiusmod tempor incididunt ut labore et dolore magna aliqua. Nunc lobortis mattis aliquam faucibus purus in massa tempor. Elit pellentesque habitant morbi tristique senectus et netus. Non consectetur a erat nam at lectus. Sed turpis tincidunt id aliquet risus feugiat in ante. Est ullamcorper eget nulla facilisi etiam dignissim. Odio aenean sed adipiscing diam donec adipiscing tristique risus nec. Amet dictum sit amet justo donec. Id venenatis a condimentum vitae. Laoreet sit amet cursus sit amet.\n\nArcu cursus euismod quis viverra. Consectetur adipiscing elit ut aliquam purus sit amet luctus. Luctus venenatis lectus magna fringilla. Magna eget est lorem ipsum dolor. Sodales neque sodales ut etiam sit amet nisl. Sem et tortor consequat id porta nibh venenatis. Quis imperdiet massa tincidunt nunc pulvinar sapien et. Ipsum suspendisse ultrices gravida dictum fusce ut. Phasellus faucibus scelerisque eleifend donec pretium. Cras sed felis eget velit aliquet. At erat pellentesque adipiscing commodo elit at imperdiet dui accumsan. Morbi blandit cursus risus at ultrices mi tempus. Suscipit tellus mauris a diam maecenas. Amet luctus venenatis lectus magna fringilla urna porttitor rhoncus.', '3XKMJKU', '2022-01-07 20:57:43'),
	('T7EFhqT', 'WPcQqzp', -1, 'testing', 'WbfvKMZ', '2022-01-08 11:02:18'),
	('vmzYubR', 'rPq89ES', -1, 'Lorem ipsum dolor sit amet, consectetur adipiscing elit, sed do eiusmod tempor incididunt ut labore et dolore magna aliqua. Nunc lobortis mattis aliquam faucibus purus in massa tempor. Elit pellentesque habitant morbi tristique senectus et netus. Non consectetur a erat nam at lectus. Sed turpis tincidunt id aliquet risus feugiat in ante. Est ullamcorper eget nulla facilisi etiam dignissim. Odio aenean sed adipiscing diam donec adipiscing tristique risus nec. Amet dictum sit amet justo donec. Id venenatis a condimentum vitae. Laoreet sit amet cursus sit amet.\n\nArcu cursus euismod quis viverra. Consectetur adipiscing elit ut aliquam purus sit amet luctus. Luctus venenatis lectus magna fringilla. Magna eget est lorem ipsum dolor. Sodales neque sodales ut etiam sit amet nisl. Sem et tortor consequat id porta nibh venenatis. Quis imperdiet massa tincidunt nunc pulvinar sapien et. Ipsum suspendisse ultrices gravida dictum fusce ut. Phasellus faucibus scelerisque eleifend donec pretium. Cras sed felis eget velit aliquet. At erat pellentesque adipiscing commodo elit at imperdiet dui accumsan. Morbi blandit cursus risus at ultrices mi tempus. Suscipit tellus mauris a diam maecenas. Amet luctus venenatis lectus magna fringilla urna porttitor rhoncus.', '3XKMJKU', '2022-01-07 20:57:17'),
	('WhQ8qCk', 'Y9tmhmC', -1, 'latest', 'Bgjrh4K', '2021-11-25 12:46:09'),
	('X5sLZHR', 'Y9tmhmC', -1, 'sadasdasd', 'Bgjrh4K', '2021-11-25 12:44:39'),
	('YMMMTCT', 'mjy3rgi', -1, 'Nice work!', '3XKMJKU', '2022-01-08 10:08:15');
/*!40000 ALTER TABLE `commtable` ENABLE KEYS */;

-- Dumping data for table mealsformakers.ingtable: ~22 rows (approximately)
/*!40000 ALTER TABLE `ingtable` DISABLE KEYS */;
INSERT INTO `ingtable` (`ingIndex`, `ingName`, `ingDesc`, `ingPrice`, `ingPic`) VALUES
	('aasdsdasdasd', 'Egg', '', '', ''),
	('asdasaasdasd', 'Salt', '', '', ''),
	('asdasdaadsd', 'Bacon', '', '', ''),
	('asdasdasaad', 'Carrot', '', '', ''),
	('asdasdasd', 'Cabbage', '', '', ''),
	('asdasdasdas', 'Cabbage', '', '', ''),
	('asdasxczdasd', 'Chicken Thigh', '', '', ''),
	('asdzxcasdasd', 'Garlic', '', '', ''),
	('CESA53C', 'Buns', 'null', 'null', 'null'),
	('cqXLxNC', 'Salmon', 'null', 'null', 'null'),
	('dUuzTSM', 'Bread', 'null', 'null', 'null'),
	('hXnwi0h', 'Fruits', 'null', 'null', 'null'),
	('KgCsHJ6', 'Onion', 'null', 'null', 'null'),
	('LH5mEEB', 'Water', 'null', 'null', 'null'),
	('LWacGlt', 'Soy Sauce', 'null', 'null', 'null'),
	('m9q3cUi', 'String Beans', 'null', 'null', 'null'),
	('mdSkYIl', 'Clams', 'null', 'null', 'null'),
	('n5qnZ0Y', 'Butter', 'null', 'null', 'null'),
	('QK59RoR', 'Hollandaise', 'null', 'null', 'null'),
	('qyLo5Pk', 'tomato', 'null', 'null', 'null'),
	('rdlBSvE', 'corn', 'null', 'null', 'null'),
	('uBv2Ttx', 'Cooking Oil', 'null', 'null', 'null'),
	('wqdXiWm', 'Lemon', 'null', 'null', 'null'),
	('wtv5d2H', 'D', 'null', 'null', 'null'),
	('Y4hrj7v', 'Flour', 'null', 'null', 'null'),
	('YL2egLz', 'B', 'null', 'null', 'null');
/*!40000 ALTER TABLE `ingtable` ENABLE KEYS */;

-- Dumping data for table mealsformakers.msgtable: ~12 rows (approximately)
/*!40000 ALTER TABLE `msgtable` DISABLE KEYS */;
INSERT INTO `msgtable` (`msgIndex`, `userIndexFrom`, `userIndexTo`, `msgDate`, `msg`) VALUES
	('3PBoV24', 'Y9tmhmC', 'Y9tmhmC', '2022-01-08 09:37:53', 'Hey'),
	('5OaRF6D', 'Y9tmhmC', 'randomenough2', '2022-01-08 08:44:23', 'yow'),
	('C3fSloe', 'Y9tmhmC', 'randomenough2', '2022-01-08 08:38:28', 'bruh'),
	('hiu9PdZ', 'Y9tmhmC', 'Y9tmhmC', '2022-01-08 10:13:37', 'Yow'),
	('JLgCY5D', 'Y9tmhmC', 'Y9tmhmC', '2022-01-08 09:38:53', 'Hello'),
	('juhlPUF', 'Y9tmhmC', 'rPq89ES', '2022-01-08 11:11:32', 'hello world'),
	('KtFLP2T', 'Y9tmhmC', 'rPq89ES', '2022-01-08 09:38:45', 'Hey'),
	('npqiVSS', 'Y9tmhmC', 'randomenough2', '2022-01-08 08:38:17', 'yeah?'),
	('ohpZ4HJ', 'Y9tmhmC', 'randomenough2', '2022-01-08 08:40:20', 'bro'),
	('qweqweqwe1', 'lBSNNBD', 'Y9tmhmC', '2021-12-09 10:30:23', 'mah name chef'),
	('qweqweqwe14', 'Y9tmhmC', 'randomenough2', '2021-12-09 10:30:23', 'BROOOOOOOOOOOOO WHATS COOKIN BROOOOO - 1'),
	('qweqweqwe143', 'randomenough2', 'Y9tmhmC', '2021-12-09 10:30:23', 'mah name chef - 1'),
	('qweqweqwe24', 'Y9tmhmC', 'randomenough2', '2021-12-09 10:30:24', 'BROOOOOOOOOOOOOOOO WHATS COOKIIIIIIIIIN - 1'),
	('qweqweqwe34', 'randomenough2', 'Y9tmhmC', '2021-12-09 10:30:24', 'mah name jeff - 1'),
	('qweqweqwe44', 'Y9tmhmC', 'randomenough2', '2021-12-09 10:30:24', 'BROOOOOOOOOOOOOOOO WHATS POPPIIIIIIIIIIIIN - 1'),
	('qweqweqwe54', 'randomenough2', 'Y9tmhmC', '2021-12-09 10:30:24', 'mah name chef bro wdym - 1'),
	('SQzjhT8', 'Y9tmhmC', '7jXD1CI', '2022-01-08 10:13:26', 'Hello'),
	('SVxrjIy', 'Y9tmhmC', 'randomenough2', '2022-01-08 08:39:46', 'bruh'),
	('T40Z6dd', 'Y9tmhmC', 'randomenough2', '2022-01-08 08:39:24', 'bruh'),
	('u2SIsLs', 'Y9tmhmC', 'randomenough2', '2022-01-08 08:39:59', 'bro'),
	('vOkYJ9q', 'kphViPE', 'kphViPE', '2022-01-08 09:37:57', 'Test'),
	('yodhO16', 'Y9tmhmC', 'rPq89ES', '2022-01-08 11:11:58', 'Hello'),
	('YVweQki', 'Y9tmhmC', 'randomenough2', '2022-01-08 08:46:04', 'hey'),
	('Z8LpbxM', 'Y9tmhmC', 'randomenough2', '2022-01-08 08:40:28', 'bro');
/*!40000 ALTER TABLE `msgtable` ENABLE KEYS */;

-- Dumping data for table mealsformakers.recipereftable: ~23 rows (approximately)
/*!40000 ALTER TABLE `recipereftable` DISABLE KEYS */;
INSERT INTO `recipereftable` (`ingRefIndex`, `recipeIndex`, `ingIndex`, `ingQuantity`) VALUES
	('1jhPmYM', '8ZMmzLF', 'Y4hrj7v', '2 cups'),
	('5z5aeGN', 'WbfvKMZ', 'qyLo5Pk', '2'),
	('642khwB', 'yT30fMk', 'cqXLxNC', '2'),
	('7nGJk3Q', '8ZMmzLF', 'uBv2Ttx', '1/2 liter'),
	('7nn51C9', 'Ak60x1k', 'rdlBSvE', '3 cans'),
	('7NXNuHE', 'pnwiuBR', 'dUuzTSM', '2 loaf'),
	('aRf3Rdy', '3XKMJKU', 'LH5mEEB', '1 cup'),
	('CeiEzPf', 'YMVqbN8', 'cqXLxNC', '8'),
	('Cks3NyF', 'lX6L4JN', 'aasdsdasdasd', '2 pc.'),
	('Dn3DwYL', '3XKMJKU', 'asdzxcasdasd', '4 cloves'),
	('FigCs0v', 'yT30fMk', 'asdasaasdasd', '2'),
	('G5cC01q', 'yT30fMk', 'mdSkYIl', '4'),
	('GntPaji', 'yT30fMk', 'wqdXiWm', '2'),
	('HERvwy8', 'WbfvKMZ', 'KgCsHJ6', '2 '),
	('HFroZre', 'L6aHpnb', 'aasdsdasdasd', '1233'),
	('JnBc77o', 'lX6L4JN', 'asdasdaadsd', '2 pc.'),
	('JP8SZNS', 'Bgjrh4K', 'asdasdaadsd', '1 pack'),
	('OEicGeZ', '8ZMmzLF', 'LH5mEEB', '2 cups'),
	('p38YZiY', '3XKMJKU', 'KgCsHJ6', '1 pc'),
	('qBSnThz', '3XKMJKU', 'LWacGlt', '1 1/2 cups'),
	('QiML4KU', 'Bgjrh4K', 'aasdsdasdasd', '3 pc.'),
	('RAWWOkt', 'TO5BLXL', 'Y4hrj7v', '12'),
	('sXM1xYM', 'pnwiuBR', 'n5qnZ0Y', '1/4 cup'),
	('U191N2C', 'KKQmvRS', 'YL2egLz', 'C'),
	('u5q50KB', 'WbfvKMZ', 'asdasaasdasd', '1tsp'),
	('uC3FCoR', 'lX6L4JN', 'QK59RoR', '120 g'),
	('uDZtWLx', 'KKQmvRS', 'wtv5d2H', 'E'),
	('v64MJRq', 'XJVQMrL', 'hXnwi0h', '5 pc'),
	('VMJiYHs', 'lX6L4JN', 'CESA53C', '2 pc.'),
	('vZi5Avj', '3XKMJKU', 'm9q3cUi', '1/2 lbs'),
	('WDI6arR', 'YMVqbN8', 'asdzxcasdasd', '4'),
	('ywufILB', 'WbfvKMZ', 'rdlBSvE', '3 cans'),
	('zFIs7VB', 'TO5BLXL', 'aasdsdasdasd', '12');
/*!40000 ALTER TABLE `recipereftable` ENABLE KEYS */;

-- Dumping data for table mealsformakers.recipetable: ~7 rows (approximately)
/*!40000 ALTER TABLE `recipetable` DISABLE KEYS */;
INSERT INTO `recipetable` (`recipeIndex`, `userIndex`, `commIndex`, `recipeTitle`, `recipeDesc`, `recipeInstructions`, `recipeImg`, `recipeVid`, `recipeDoc`, `publishDate`, `modifyDate`, `isvisible`, `cat`) VALUES
	('3XKMJKU', 'rPq89ES', 'nocommentbruh', 'Adobong Sitaw', '10 minutes|||20 minutes|||5|||This dish is for people who likes to add vegetable dish on their meal.', '<h1>Adobong Sitaw Recipe</h1><p>Instruction 1</p><p>Instruction 1</p><p>Instruction 1</p><p>Instruction 1</p>', '_kabalasa3.jpg', 'null', 'null', '2022-01-07 20:56:18', '2022-01-07 20:56:18', 1, 'Viands+(Tanghalian)'),
	('Bgjrh4K', 'Y9tmhmC', 'nocommentbruh', 'Bacon Recipe with Egg', '1 min.|||20 min.|||10|||Just bacon and eggs brah', '<h1>Just bacon and eggs</h1><p>Good old bacon and eggs</p>', 'foods.jpg', 'null', 'null', '2021-11-25 04:00:11', '2021-12-11 11:23:46', 1, 'Miscellaneous'),
	('L6aHpnb', 'Y9tmhmC', 'nocommentbruh', 'SAmple recipe 2', '123123213|||123213213123|||1232132131|||213dsfiasdjqaksd', '<h1>sdasdaskldhsalkdklasd</h1><p>aksjdlaksdkashdljasdasd</p>', '3_food111.jpg', 'null', 'null', '2022-01-08 09:41:09', '2022-01-08 09:41:09', 0, 'Appetizers'),
	('lX6L4JN', 'Y9tmhmC', 'nocommentbruh', 'Egg\'s Benedict', '1 hour|||1 hour|||2|||Eggs Benedict is a bla bla bla bla bla delicious recipe', '<h1>Egg\'s Benedict Cooking Instructions</h1><ol><li>Cook the bacon</li><li>Toast the buns</li><li>Cook egg as poached egg</li><li>Make hollandaise sauce</li><li>Put bacon in bun</li><li>Put egg in bacon</li><li>Put hollandaise on top</li><li>tada!</li></ol>', 'Eggs-Benedict-CMS.jpg', 'null', 'null', '2021-11-26 00:37:07', '2021-11-26 00:37:07', 1, 'Appetizers'),
	('TO5BLXL', 'Y9tmhmC', 'nocommentbruh', 'Sample Recipe 12', '12 blah|||12 blah|||12 blah|||testtestestest12 blah12 blah12 blah', '<h1>asdasd12 blah12 blah12 blah</h1><p>asdasdasdasd12 blah12 blah12 blah</p>', 'back3.jpg', 'null', 'null', '2022-01-07 11:22:31', '2022-01-08 10:47:34', 0, 'Desserts'),
	('WbfvKMZ', 'WPcQqzp', 'nocommentbruh', 'Corn, Sweet Onion, and Tomato', '25 minutes|||2 minutes|||6 people|||idjcgdfxghjkl;khgjhcdkbkwjdknl', '<h1>Corn, Sweet Onion, and Tomato Salad</h1><ol><li>xssxxccsscz</li></ol>', 'crispy-tuna-shanghai-2-730x9731.jpg', 'null', 'null', '2022-01-08 11:00:33', '2022-01-08 11:01:45', 0, 'Desserts'),
	('XJVQMrL', 'rPq89ES', 'nocommentbruh', 'Testing Time', 'A|||B|||C|||', '<h1> </h1><p>INSTRUCTION</p>', '3_food1.jpg', 'null', 'null', '2022-01-07 21:01:50', '2022-01-07 21:01:50', 1, 'Select a category'),
	('yT30fMk', 'kphViPE', 'nocommentbruh', 'Baked Salmon', '25 minutes|||30 minutes|||5-8 people|||To add extra flavor to the surface, broil the salmon for 3 to 4 minutes after baking. Keep a close eye on the fish after the first 2 minutes of broiling. Make sure the garlic browns but doesn’t burn. This step is optional but deepens the flavor of the fish and citrus with roasted notes. If you skip broiling, add a few more minutes of bake time for medium-cooked doneness.', '<h1>Baking</h1><p>To add extra flavor to the surface, broil the salmon for 3 to 4 minutes after baking. Keep a close eye on the fish after the first 2 minutes of broiling. Make sure the garlic browns but doesn’t burn. This step is optional but deepens the flavor of the fish and citrus with roasted notes. If you skip broiling, add a few more minutes of bake time for medium-cooked doneness.</p>', 'Baked-Salmon-88.jpg', 'null', 'null', '2022-01-08 09:57:19', '2022-01-08 10:52:21', 1, 'Dinner');
/*!40000 ALTER TABLE `recipetable` ENABLE KEYS */;

-- Dumping data for table mealsformakers.reporttable: ~0 rows (approximately)
/*!40000 ALTER TABLE `reporttable` DISABLE KEYS */;
/*!40000 ALTER TABLE `reporttable` ENABLE KEYS */;

-- Dumping data for table mealsformakers.upvtable: ~18 rows (approximately)
/*!40000 ALTER TABLE `upvtable` DISABLE KEYS */;
INSERT INTO `upvtable` (`upvoteIndex`, `userIndex`, `upvoteType`, `commIndex`) VALUES
	('0UGx73F', 'Y9tmhmC', 1, 'fRff1vO'),
	('3r2QwKO', 'Y9tmhmC', 1, 'WhQ8qCk'),
	('44Qo8S3', '3jRVlZK', 1, 'AXvcR9t'),
	('57J9Bwo', 'rPq89ES', 1, 'NsbTYA8'),
	('5QmaNom', 'xNbLIkI', 0, 'fRff1vO'),
	('63Vrq7s', 'mjy3rgi', 1, 'BYqFP7x'),
	('72hTett', 'xNbLIkI', 0, 'D1rK27N'),
	('7wutciN', '3jRVlZK', 1, 'Dzm3JSD'),
	('boblgzY', 'xNbLIkI', 0, 'g3U7SmG'),
	('C9j0IUi', 'xNbLIkI', 0, 'WhQ8qCk'),
	('CkilcKn', 'xNbLIkI', 0, 'X5sLZHR'),
	('ELbUSsQ', 'rPq89ES', 1, 'PJ9Nut5'),
	('FATDkIl', 'kphViPE', 1, 'AXvcR9t'),
	('FbJehME', 'mjy3rgi', 1, 'NsbTYA8'),
	('fttHler', 'xNbLIkI', 0, 'NM3AUzt'),
	('gC3LZsv', 'rPq89ES', 1, 'Dzm3JSD'),
	('gEAzIdM', 'Y9tmhmC', 1, 'X5sLZHR'),
	('hHKmCRB', 'mjy3rgi', 1, 'meTm7Hb'),
	('i27JXVY', 'rPq89ES', 1, 'h4ByRyq'),
	('lz9iJg5', 'Y9tmhmC', 1, 'obJzYBG'),
	('PlG0KS1', 'Y9tmhmC', 1, 'AXvcR9t'),
	('Q11wyf4', 'Y9tmhmC', 1, 'g3U7SmG'),
	('qjibvjK', 'mjy3rgi', 1, 'h4ByRyq'),
	('QwbN0fj', 'rPq89ES', 1, 'meTm7Hb'),
	('rcVDXG3', '7jXD1CI', 1, 'AXvcR9t'),
	('tkRT6Fy', 'lBSNNBD', 1, 'WhQ8qCk'),
	('ubTOI2Y', 'mjy3rgi', 1, 'YMMMTCT'),
	('UoKQtDE', 'Y9tmhmC', 1, 'NM3AUzt'),
	('V3J0xy4', 'mjy3rgi', 1, 'vmzYubR'),
	('VnZwDiq', 'rPq89ES', 1, '6475HYv'),
	('VOcmOen', 'Y9tmhmC', 1, '6LnYyp7'),
	('wlknOnn', 'lBSNNBD', 1, 'NM3AUzt'),
	('XaIyHkA', 'Y9tmhmC', 1, 'PFwRJoc'),
	('xm7yvph', '3jRVlZK', 1, 'D1rK27N'),
	('yBgs4K9', 'rPq89ES', 1, 'BYqFP7x'),
	('yF6OFJG', 'mjy3rgi', 1, '6475HYv'),
	('YKaW2R1', 'rPq89ES', 1, 'vmzYubR'),
	('zeToNOW', 'rPq89ES', 1, 'PFwRJoc');
/*!40000 ALTER TABLE `upvtable` ENABLE KEYS */;

-- Dumping data for table mealsformakers.usertable: ~32 rows (approximately)
/*!40000 ALTER TABLE `usertable` DISABLE KEYS */;
INSERT INTO `usertable` (`userIndex`, `lastname`, `firstname`, `age`, `birthdate`, `email`, `contactnum`, `address`, `profilePic`, `username`, `pword`, `dte`) VALUES
	('3jRVlZK', 'Pascual', 'April Kate', 20, '2001-04-23', 'aprilkatepascual23@gmail.com', '09198638098', 'Carmona, Cavite', 'null', 'aprilkatepascual', '9aa4b8170b01b39b1fbdd71eb8c70911517c7e478da83f40130867c3719b6c03dd1e2e118048f0dfa928a3c574f26fb0b9204b34d125b7ea37495c70b6719a66', '2022-01-05 00:12:43'),
	('3youXGD', 'Pascual', 'April Kate', 20, '2001-04-23', 'aprilkatepascual25@gmail.com', ' ', ' ', 'null', 'aprilkate31', '9aa4b8170b01b39b1fbdd71eb8c70911517c7e478da83f40130867c3719b6c03dd1e2e118048f0dfa928a3c574f26fb0b9204b34d125b7ea37495c70b6719a66', '2022-01-07 19:44:46'),
	('7jXD1CI', 'Moratilla', 'Camille', 21, '2000-10-06', 'staromanacamille@gmail.com', '09673113607', '783 T. SULIT ST, AGUHO, PATEROS', 'null', 'cmllmrtllstrmn', 'bafb00353c291faf4f6287bd67f7775a0c1782849d09dbea99664a6c2cd6e3a204dd10eda639877cf3184fe545d254f5c300e36fb07500318ee61d37045bd0ab', '2022-01-07 12:09:59'),
	('7T3hlV9', ' ', ' ', 20, '2001-04-23', 'pascualkate24@gmail.com', '09198638098', 'Carmona, Cavite', 'null', 'aprilkate24', '9aa4b8170b01b39b1fbdd71eb8c70911517c7e478da83f40130867c3719b6c03dd1e2e118048f0dfa928a3c574f26fb0b9204b34d125b7ea37495c70b6719a66', '2022-01-07 19:37:56'),
	('7YdzVK4', 'Pascual', 'April Kate', 20, '2001-04-23', 'pascualapril24@gmail.com', '19638098', ' ', 'null', 'pascualkate23', '9aa4b8170b01b39b1fbdd71eb8c70911517c7e478da83f40130867c3719b6c03dd1e2e118048f0dfa928a3c574f26fb0b9204b34d125b7ea37495c70b6719a66', '2022-01-07 14:20:14'),
	('9KolUlm', 'Pascual', 'April Kate', 20, '2001-04-23', 'pascualaprilkate@gmail.com', '0919863809888', 'Carmona, Cavite', 'null', 'pascualaprilkatee', '9aa4b8170b01b39b1fbdd71eb8c70911517c7e478da83f40130867c3719b6c03dd1e2e118048f0dfa928a3c574f26fb0b9204b34d125b7ea37495c70b6719a66', '2022-01-07 14:13:05'),
	('bIPP4kC', 'P', 'A', 20, '2001-04-23', 'aprilpascual23@gmail.com', '09198638098', 'Carmona, Cavite', 'null', 'aprilkatep', '9aa4b8170b01b39b1fbdd71eb8c70911517c7e478da83f40130867c3719b6c03dd1e2e118048f0dfa928a3c574f26fb0b9204b34d125b7ea37495c70b6719a66', '2022-01-07 19:35:29'),
	('CflVXjo', 'Pascual', 'April Kate', 20, '2001-04-23', 'pascualaprilk@gmail.com', 'abc', 'Carmona, Cavite', 'null', 'aprilkate23', '9aa4b8170b01b39b1fbdd71eb8c70911517c7e478da83f40130867c3719b6c03dd1e2e118048f0dfa928a3c574f26fb0b9204b34d125b7ea37495c70b6719a66', '2022-01-07 14:22:02'),
	('d9Hc0Ht', 'Pascual', 'April Kate', 20, '2001-04-23', 'aprilkhate06@yahoo.com', '09198638098', 'Carmona, Cavite', 'null', 'avrilkatie', '9aa4b8170b01b39b1fbdd71eb8c70911517c7e478da83f40130867c3719b6c03dd1e2e118048f0dfa928a3c574f26fb0b9204b34d125b7ea37495c70b6719a66', '2022-01-07 14:02:05'),
	('EGr5hHG', 'Wilson', 'Jane', 23, '1998-11-13', 'sawiri2174@unigeol.com', '09673113607', 'Aguho St, Comembo Makati City', 'null', 'janewilson06', 'bafb00353c291faf4f6287bd67f7775a0c1782849d09dbea99664a6c2cd6e3a204dd10eda639877cf3184fe545d254f5c300e36fb07500318ee61d37045bd0ab', '2022-01-08 10:30:20'),
	('fH21QcZ', 'Cobilla', 'Ramil', 21, '2000-12-20', 'namely07@gmail.com', '09662712988', '38 Branches st. Project 8 Barangay Sangandaan', 'null', 'Borcesreymark', 'ed3ae18874d2f9b6a11d3683a7401bf55d04087e2e19d4cb740ed097e3c9195869a40c488525d86be3b434fbea2240acf777f898f0c890c56bb3f39edd32dc72', '2022-01-08 09:59:13'),
	('Hn9zddy', 'Pascual', 'April Kate', 20, '2001-04-23', 'aprilkatee23@gmail.com', ' ', 'Carmona, Cavite', 'null', 'aprilkatie23', '9aa4b8170b01b39b1fbdd71eb8c70911517c7e478da83f40130867c3719b6c03dd1e2e118048f0dfa928a3c574f26fb0b9204b34d125b7ea37495c70b6719a66', '2022-01-07 14:23:44'),
	('hxwzjal', 'Lorem ipsum dolor sit amet, consectetur adipiscing elit. Nulla dictum maximus arcu, et efficitur risus dapibus nec. Vestibulum maximus nisl sit amet sapien semper rhoncus. Donec condimentum orci sed eros rhoncus fringilla. Ut egestas ex quis sapien accumsan dictum. Fusce at urna at ipsum interdum volutpat. Nullam ullamcorper urna eget lorem dapibus efficitur. Nullam quam odio, tincidunt ut odio eget, rhoncus mollis justo. Vivamus dignissim lacinia mollis. Phasellus aliquet, ligula ut dapibus malesuada, nulla erat ullamcorper magna, vehicula condimentum leo leo at nisi. Ut vulputate ac nibh quis efficitur. Maecenas vitae eleifend erat, lobortis euismod dui. Curabitur sit amet ornare dolor. Integer maximus ligula in tellus tincidunt, nec facilisis dui bibendum. Mauris sit amet nunc leo. Lorem ipsum dolor sit amet, consectetur adipiscing elit.  Sed quis ante nisi. Donec ac tortor eros. Maecenas mattis orci tortor. Aenean felis enim, porta ac justo eu, blandit porta nibh. Pellentesque ligula lacus, tristique consequat auctor ac, ultrices et tellus. Duis malesuada vitae ipsum ac ornare. Duis euismod tempus mauris vulputate tincidunt. Sed ullamcorper eu enim at maximus. Quisque suscipit neque sed cursus tincidunt. Quisque eget justo non odio tincidunt consectetur id sed felis.  Cras eu ex nec turpis consectetur commodo. Morbi dui nulla, elementum sit amet sapien id, pretium gravida ante. Quisque eu mollis arcu. Fusce id fermentum eros, in convallis massa. Proin pulvinar, est et efficitur fermentum, libero enim fringilla est, eu aliquet leo quam eu ipsum. Aliquam ultrices urna quam. Praesent ultrices volutpat nibh, ut condimentum mi rhoncus eu. Pellentesque fermentum augue id diam gravida varius. Donec condimentum a orci vel hendrerit. Fusce vitae magna arcu.  Aliquam sed pharetra enim. Etiam aliquam sapien non ultricies varius. Etiam convallis, mauris ut ullamcorper consequat, orci leo convallis ligula, vitae ornare dolor mi ut mauris. Duis sem turpis, egestas eu quam ac, luctus ornare nunc. Ut tincidunt id metus sit amet imperdiet. Aliquam mauris enim, finibus ut porta ut, lobortis nec lorem. Proin viverra justo massa, laoreet imperdiet quam suscipit nec. Aenean non lectus ut nisl fringilla convallis. Curabitur eu lacus dui. Integer eu tempor quam. Nullam eleifend, ante eget eleifend pretium, ante velit malesuada tellus, nec mattis ligula nisl id dolor. Sed pellentesque, justo ut tincidunt sagittis, dui velit condimentum erat, eu congue ex orci id sapien. In vulputate libero eu hendrerit congue. In in felis ac massa volutpat cursus id rhoncus neque. Cras eu nibh pellentesque, dignissim ante ut, venenatis ipsum.  Suspendisse sed malesuada libero, id dignissim nibh. Suspendisse potenti. Mauris nec laoreet nibh, eu volutpat nulla. In hac habitasse platea dictumst. Sed in purus sit amet magna vulputate pretium. Donec vitae suscipit mi. Fusce auctor, mauris non volutpat varius, dolor nibh iaculis nisl, a iaculis nibh massa et ipsum. Vivamus varius ligula elit, ut vehicula diam faucibus ut. Aenean pretium tortor feugiat sagittis lacinia. Sed libero erat, ullamcorper id sodales ut, suscipit a erat. Integer id malesuada felis, vitae auctor tortor. Aliquam quis vestibulum neque.', 'Lorem ipsum dolor sit amet, consectetur adipiscing elit. Nulla dictum maximus arcu, et efficitur risus dapibus nec. Vestibulum maximus nisl sit amet sapien semper rhoncus. Donec condimentum orci sed eros rhoncus fringilla. Ut egestas ex quis sapien accumsan dictum. Fusce at urna at ipsum interdum volutpat. Nullam ullamcorper urna eget lorem dapibus efficitur. Nullam quam odio, tincidunt ut odio eget, rhoncus mollis justo. Vivamus dignissim lacinia mollis. Phasellus aliquet, ligula ut dapibus malesuada, nulla erat ullamcorper magna, vehicula condimentum leo leo at nisi. Ut vulputate ac nibh quis efficitur. Maecenas vitae eleifend erat, lobortis euismod dui. Curabitur sit amet ornare dolor. Integer maximus ligula in tellus tincidunt, nec facilisis dui bibendum. Mauris sit amet nunc leo. Lorem ipsum dolor sit amet, consectetur adipiscing elit.  Sed quis ante nisi. Donec ac tortor eros. Maecenas mattis orci tortor. Aenean felis enim, porta ac justo eu, blandit porta nibh. Pellentesque ligula lacus, tristique consequat auctor ac, ultrices et tellus. Duis malesuada vitae ipsum ac ornare. Duis euismod tempus mauris vulputate tincidunt. Sed ullamcorper eu enim at maximus. Quisque suscipit neque sed cursus tincidunt. Quisque eget justo non odio tincidunt consectetur id sed felis.  Cras eu ex nec turpis consectetur commodo. Morbi dui nulla, elementum sit amet sapien id, pretium gravida ante. Quisque eu mollis arcu. Fusce id fermentum eros, in convallis massa. Proin pulvinar, est et efficitur fermentum, libero enim fringilla est, eu aliquet leo quam eu ipsum. Aliquam ultrices urna quam. Praesent ultrices volutpat nibh, ut condimentum mi rhoncus eu. Pellentesque fermentum augue id diam gravida varius. Donec condimentum a orci vel hendrerit. Fusce vitae magna arcu.  Aliquam sed pharetra enim. Etiam aliquam sapien non ultricies varius. Etiam convallis, mauris ut ullamcorper consequat, orci leo convallis ligula, vitae ornare dolor mi ut mauris. Duis sem turpis, egestas eu quam ac, luctus ornare nunc. Ut tincidunt id metus sit amet imperdiet. Aliquam mauris enim, finibus ut porta ut, lobortis nec lorem. Proin viverra justo massa, laoreet imperdiet quam suscipit nec. Aenean non lectus ut nisl fringilla convallis. Curabitur eu lacus dui. Integer eu tempor quam. Nullam eleifend, ante eget eleifend pretium, ante velit malesuada tellus, nec mattis ligula nisl id dolor. Sed pellentesque, justo ut tincidunt sagittis, dui velit condimentum erat, eu congue ex orci id sapien. In vulputate libero eu hendrerit congue. In in felis ac massa volutpat cursus id rhoncus neque. Cras eu nibh pellentesque, dignissim ante ut, venenatis ipsum.  Suspendisse sed malesuada libero, id dignissim nibh. Suspendisse potenti. Mauris nec laoreet nibh, eu volutpat nulla. In hac habitasse platea dictumst. Sed in purus sit amet magna vulputate pretium. Donec vitae suscipit mi. Fusce auctor, mauris non volutpat varius, dolor nibh iaculis nisl, a iaculis nibh massa et ipsum. Vivamus varius ligula elit, ut vehicula diam faucibus ut. Aenean pretium tortor feugiat sagittis lacinia. Sed libero erat, ullamcorper id sodales ut, suscipit a erat. Integer id malesuada felis, vitae auctor tortor. Aliquam quis vestibulum neque.', 20, '2001-04-23', 'aprilkate23@gmail.com', '09198638098', 'Carmona, Cavite', 'null', 'aprilkatie', '9aa4b8170b01b39b1fbdd71eb8c70911517c7e478da83f40130867c3719b6c03dd1e2e118048f0dfa928a3c574f26fb0b9204b34d125b7ea37495c70b6719a66', '2022-01-07 14:04:46'),
	('HYoH7Iy', 'Pascual', 'April Kate', 20, '2001-04-23', 'aprilkatepascual26@gmail.com', '09198638098', 'Lorem ipsum dolor sit amet, consectetur adipiscing elit. Fusce sit amet euismod arcu, id aliquet ipsum. Suspendisse maximus elit sollicitudin justo maximus, vitae maximus nisl commodo. Pellentesque convallis vel neque non porttitor. Cras vitae pretium enim, ac condimentum enim. Fusce cursus, ligula id consectetur imperdiet, erat metus volutpat nunc, at rhoncus tellus quam sit amet neque. Suspendisse potenti. Ut facilisis diam facilisis libero commodo, nec placerat odio sagittis. Sed ac diam in dui rutrum hendrerit. Interdum et malesuada fames ac ante ipsum primis in faucibus. In varius ante ullamcorper ligula suscipit pulvinar. Aenean vestibulum elit eget nunc semper hendrerit. Mauris vitae maximus ligula, finibus aliquam odio. Vestibulum suscipit augue nec purus pretium, sed interdum enim dignissim. Ut libero dui, imperdiet vitae hendrerit vel, volutpat et massa. Quisque in massa sem. Donec efficitur consequat elit, vitae tincidunt quam laoreet quis.  Integer ornare tellus ex. Maecenas venenatis magna ut ante sodales interdum. Mauris viverra justo non nisi vulputate gravida. Nulla suscipit sagittis quam sit amet consectetur. Ut id neque eget magna euismod varius. Donec volutpat mattis dignissim. Nunc vel mi vitae sapien viverra gravida vel non mi.  In volutpat luctus laoreet. Donec varius elementum laoreet. Donec vel maximus diam, at ultricies felis. Sed efficitur porta purus, nec congue magna. Praesent efficitur tortor sed nunc viverra, eleifend sodales risus commodo. Donec quis vulputate dolor. Fusce at purus tincidunt, facilisis lorem sed, suscipit risus. Ut nibh nisi, suscipit quis leo eu, facilisis volutpat velit. Aliquam justo arcu, luctus id quam a, vehicula tristique nunc. Phasellus quis justo eros.  Nunc tempor sapien ac interdum fringilla. Fusce vitae dui ac tortor sagittis tempor. Vestibulum in varius mauris. Vivamus venenatis dignissim sollicitudin. In malesuada, felis non tempus mattis, libero mauris condimentum tellus, sit amet blandit quam risus ut diam. Aliquam auctor mauris est, varius finibus quam egestas in. Suspendisse potenti. Donec vulputate viverra mauris tristique consectetur. Proin vulputate vitae est quis dignissim. Ut id velit ultrices, fringilla odio ut, lacinia quam. Aenean blandit at libero sed egestas. Mauris in neque facilisis, euismod magna in, sodales ligula. Nulla lacus ligula, semper sed cursus eu, lobortis sed sem. Nullam et ligula ut arcu fringilla eleifend.  Aliquam erat volutpat. Quisque ut viverra magna. Praesent non cursus dolor. Aenean dapibus mauris nec felis efficitur hendrerit. Morbi posuere posuere ante, in varius nulla. Cras vel consequat mi. Praesent mollis, mi sit amet pellentesque hendrerit, orci ante convallis arcu, eu mattis quam leo et leo.', 'null', 'aprilkate01', '9aa4b8170b01b39b1fbdd71eb8c70911517c7e478da83f40130867c3719b6c03dd1e2e118048f0dfa928a3c574f26fb0b9204b34d125b7ea37495c70b6719a66', '2022-01-07 19:45:44'),
	('j6KmjQV', ' ', ' ', 20, '2001-04-23', 'pascualapril@gmail.com', '09198638098', 'Carmona, Cavite', 'null', 'pascualkate', '9aa4b8170b01b39b1fbdd71eb8c70911517c7e478da83f40130867c3719b6c03dd1e2e118048f0dfa928a3c574f26fb0b9204b34d125b7ea37495c70b6719a66', '2022-01-07 14:10:22'),
	('jf7eMCD', 'Lorem ipsum dolor sit amet, consectetur adipiscing elit. Fusce sit amet euismod arcu, id aliquet ipsum. Suspendisse maximus elit sollicitudin justo maximus, vitae maximus nisl commodo. Pellentesque convallis vel neque non porttitor. Cras vitae pretium enim, ac condimentum enim. Fusce cursus, ligula id consectetur imperdiet, erat metus volutpat nunc, at rhoncus tellus quam sit amet neque. Suspendisse potenti. Ut facilisis diam facilisis libero commodo, nec placerat odio sagittis. Sed ac diam in dui rutrum hendrerit. Interdum et malesuada fames ac ante ipsum primis in faucibus. In varius ante ullamcorper ligula suscipit pulvinar. Aenean vestibulum elit eget nunc semper hendrerit. Mauris vitae maximus ligula, finibus aliquam odio. Vestibulum suscipit augue nec purus pretium, sed interdum enim dignissim. Ut libero dui, imperdiet vitae hendrerit vel, volutpat et massa. Quisque in massa sem. Donec efficitur consequat elit, vitae tincidunt quam laoreet quis.  Integer ornare tellus ex. Maecenas venenatis magna ut ante sodales interdum. Mauris viverra justo non nisi vulputate gravida. Nulla suscipit sagittis quam sit amet consectetur. Ut id neque eget magna euismod varius. Donec volutpat mattis dignissim. Nunc vel mi vitae sapien viverra gravida vel non mi.  In volutpat luctus laoreet. Donec varius elementum laoreet. Donec vel maximus diam, at ultricies felis. Sed efficitur porta purus, nec congue magna. Praesent efficitur tortor sed nunc viverra, eleifend sodales risus commodo. Donec quis vulputate dolor. Fusce at purus tincidunt, facilisis lorem sed, suscipit risus. Ut nibh nisi, suscipit quis leo eu, facilisis volutpat velit. Aliquam justo arcu, luctus id quam a, vehicula tristique nunc. Phasellus quis justo eros.  Nunc tempor sapien ac interdum fringilla. Fusce vitae dui ac tortor sagittis tempor. Vestibulum in varius mauris. Vivamus venenatis dignissim sollicitudin. In malesuada, felis non tempus mattis, libero mauris condimentum tellus, sit amet blandit quam risus ut diam. Aliquam auctor mauris est, varius finibus quam egestas in. Suspendisse potenti. Donec vulputate viverra mauris tristique consectetur. Proin vulputate vitae est quis dignissim. Ut id velit ultrices, fringilla odio ut, lacinia quam. Aenean blandit at libero sed egestas. Mauris in neque facilisis, euismod magna in, sodales ligula. Nulla lacus ligula, semper sed cursus eu, lobortis sed sem. Nullam et ligula ut arcu fringilla eleifend.  Aliquam erat volutpat. Quisque ut viverra magna. Praesent non cursus dolor. Aenean dapibus mauris nec felis efficitur hendrerit. Morbi posuere posuere ante, in varius nulla. Cras vel consequat mi. Praesent mollis, mi sit amet pellentesque hendrerit, orci ante convallis arcu, eu mattis quam leo et leo.', 'Lorem ipsum dolor sit amet, consectetur adipiscing elit. Fusce sit amet euismod arcu, id aliquet ipsum. Suspendisse maximus elit sollicitudin justo maximus, vitae maximus nisl commodo. Pellentesque convallis vel neque non porttitor. Cras vitae pretium enim, ac condimentum enim. Fusce cursus, ligula id consectetur imperdiet, erat metus volutpat nunc, at rhoncus tellus quam sit amet neque. Suspendisse potenti. Ut facilisis diam facilisis libero commodo, nec placerat odio sagittis. Sed ac diam in dui rutrum hendrerit. Interdum et malesuada fames ac ante ipsum primis in faucibus. In varius ante ullamcorper ligula suscipit pulvinar. Aenean vestibulum elit eget nunc semper hendrerit. Mauris vitae maximus ligula, finibus aliquam odio. Vestibulum suscipit augue nec purus pretium, sed interdum enim dignissim. Ut libero dui, imperdiet vitae hendrerit vel, volutpat et massa. Quisque in massa sem. Donec efficitur consequat elit, vitae tincidunt quam laoreet quis.  Integer ornare tellus ex. Maecenas venenatis magna ut ante sodales interdum. Mauris viverra justo non nisi vulputate gravida. Nulla suscipit sagittis quam sit amet consectetur. Ut id neque eget magna euismod varius. Donec volutpat mattis dignissim. Nunc vel mi vitae sapien viverra gravida vel non mi.  In volutpat luctus laoreet. Donec varius elementum laoreet. Donec vel maximus diam, at ultricies felis. Sed efficitur porta purus, nec congue magna. Praesent efficitur tortor sed nunc viverra, eleifend sodales risus commodo. Donec quis vulputate dolor. Fusce at purus tincidunt, facilisis lorem sed, suscipit risus. Ut nibh nisi, suscipit quis leo eu, facilisis volutpat velit. Aliquam justo arcu, luctus id quam a, vehicula tristique nunc. Phasellus quis justo eros.  Nunc tempor sapien ac interdum fringilla. Fusce vitae dui ac tortor sagittis tempor. Vestibulum in varius mauris. Vivamus venenatis dignissim sollicitudin. In malesuada, felis non tempus mattis, libero mauris condimentum tellus, sit amet blandit quam risus ut diam. Aliquam auctor mauris est, varius finibus quam egestas in. Suspendisse potenti. Donec vulputate viverra mauris tristique consectetur. Proin vulputate vitae est quis dignissim. Ut id velit ultrices, fringilla odio ut, lacinia quam. Aenean blandit at libero sed egestas. Mauris in neque facilisis, euismod magna in, sodales ligula. Nulla lacus ligula, semper sed cursus eu, lobortis sed sem. Nullam et ligula ut arcu fringilla eleifend.  Aliquam erat volutpat. Quisque ut viverra magna. Praesent non cursus dolor. Aenean dapibus mauris nec felis efficitur hendrerit. Morbi posuere posuere ante, in varius nulla. Cras vel consequat mi. Praesent mollis, mi sit amet pellentesque hendrerit, orci ante convallis arcu, eu mattis quam leo et leo.', 20, '2001-04-23', 'pascualkate25@gmail.com', '09198638098', 'Carmona, Cavite', 'null', 'aprilkate25', '9aa4b8170b01b39b1fbdd71eb8c70911517c7e478da83f40130867c3719b6c03dd1e2e118048f0dfa928a3c574f26fb0b9204b34d125b7ea37495c70b6719a66', '2022-01-07 19:38:50'),
	('k8iAjoi', 'Pascual', 'April Kate', 20, '2001-04-23', 'aprilkatep@gmail.com', '09dada38098', 'Carmona, Cavite', 'null', 'aprilkateee', '9aa4b8170b01b39b1fbdd71eb8c70911517c7e478da83f40130867c3719b6c03dd1e2e118048f0dfa928a3c574f26fb0b9204b34d125b7ea37495c70b6719a66', '2022-01-07 14:32:41'),
	('kphViPE', 'Cobilla', 'Ramil', 21, '2000-12-12', 'ramil.cobilla@gmail.com', '09662712988', '38 Branches st. Project 8 Barangay Sangandaan', 'null', 'Killerrays23', '7666efbfa1a44a443491e679f2579c5452da975f8338f36afd6ccf9801af172b82222ced6d82c8f484c10d3e91fe354dd5f78861b0079f999985b02e1af2239c', '2022-01-07 13:07:01'),
	('mjy3rgi', 'Hernaez', 'Vianca', 21, '2000-10-06', 'camille.staromana@tup.edu.ph', '09673113607', '#384 Hinahon Corner, Kapalaran St, Barangka Drive, Mandaluyong City', 'null', 'vianca.hernaez.35', 'bafb00353c291faf4f6287bd67f7775a0c1782849d09dbea99664a6c2cd6e3a204dd10eda639877cf3184fe545d254f5c300e36fb07500318ee61d37045bd0ab', '2022-01-08 10:06:38'),
	('r3cR8Su', 'Pascual', 'April Kate', 20, '2001-04-23', 'aprillayos23@gmail.com', '09198638098', 'Carmona, Cavite', 'null', 'aprilkate', '9aca2fa55920efbef6696fb7dca36dc7cc38be71df112f4c77ac8a7020cddf2ae29228ad3aa75ee92e7cb685325f25acb75b727a19a929b80e3a3ff2e7b1a165', '2021-12-17 23:50:53'),
	('randomenough', 'ALVAREZ', 'GIL', 21, '2000-11-21', 'blabla@blabla.com', '123456', 'weh', 'weh', NULL, '', '2021-11-23 00:15:01'),
	('randomenough2', 'DELA CRUZ', 'JUANA', 21, '2021-11-11', 'blabla@blabla.com', '123456', 'weh', 'weh', NULL, NULL, '2021-11-21 00:15:25'),
	('randomenough21', 'SANTOS', 'BRIAN', 21, '2021-11-11', 'blabla@blabla.com', '123456', 'weh', 'weh', NULL, NULL, '2021-11-14 00:15:27'),
	('rPq89ES', 'Fauni', 'Allyza', 21, '2000-08-16', 'allyzamarfauni@gmail.com', '09954823816', 'Dasmariñas City Cavite', 'null', 'allyza_fauni', 'dd4d1abdb0f22a306f640f68d6dcc804a38fdad905d10f946cf6711274f31f502409b0b208dce413f86c537baf65c3a28d1cfb7ff48e27b7859482188c69577a', '2021-12-11 17:58:45'),
	('V004Lrq', 'Pascual', 'April Kate', 20, '2001-04-23', 'aprilkatepascual1123@gmail.com', '09198638098', 'Carmona, Cavite', 'null', 'aprilkatepascual23', '9aa4b8170b01b39b1fbdd71eb8c70911517c7e478da83f40130867c3719b6c03dd1e2e118048f0dfa928a3c574f26fb0b9204b34d125b7ea37495c70b6719a66', '2022-01-07 19:15:17'),
	('vYDvWvM', 'Pascual', 'April Kate', 20, '2001-04-23', 'pascualkate28@gmail.com', '09dada38098', 'Carmona, Cavite', 'null', 'aprilkate28', '9aa4b8170b01b39b1fbdd71eb8c70911517c7e478da83f40130867c3719b6c03dd1e2e118048f0dfa928a3c574f26fb0b9204b34d125b7ea37495c70b6719a66', '2022-01-07 19:41:28'),
	('WPcQqzp', 'Rocero', 'Hazel', 21, '2000-12-03', 'yrlv.zel@gmail.com', '09103311630', 'Imus, Cavite', 'null', 'm.hzlrocero', '712b215248802a2aa25ca2a22a24813eaf68032f94de0daa1d326c5f99fb335d8b8a36e08eb11b74b5e796baea930c2842369585387af6c13c9bc9ea0d0184be', '2021-12-16 21:48:31'),
	('X00cJz5', 'Pascual', 'April Kate', 20, '2001-04-23', 'pascualkate27@gmail.com', '091986380980', 'Carmona, Cavite', 'null', 'aprilkate27', '9aa4b8170b01b39b1fbdd71eb8c70911517c7e478da83f40130867c3719b6c03dd1e2e118048f0dfa928a3c574f26fb0b9204b34d125b7ea37495c70b6719a66', '2022-01-07 19:40:43'),
	('xB03QJ2', 'Pascual', 'April Kate', 20, '2001-04-23', 'pascualkate26@gmail.com', '09', 'Carmona, Cavite', 'null', 'aprilkate26', '9aa4b8170b01b39b1fbdd71eb8c70911517c7e478da83f40130867c3719b6c03dd1e2e118048f0dfa928a3c574f26fb0b9204b34d125b7ea37495c70b6719a66', '2022-01-07 19:39:45'),
	('Xd7lgOH', 'Pascual', 'April Kate', 20, '2001-04-23', 'aprilkatepascual24@gmail.com', 'abc', 'Carmona, Cavite', 'null', 'aprilkate30', '9aa4b8170b01b39b1fbdd71eb8c70911517c7e478da83f40130867c3719b6c03dd1e2e118048f0dfa928a3c574f26fb0b9204b34d125b7ea37495c70b6719a66', '2022-01-07 19:43:39'),
	('xNbLIkI', 'De Castro', 'Kyle Christian ', 21, '2000-09-17', 'dunno@yahoo.com', '09123456789', '2077 cyberpunk street corner san andreas grove street ', 'null', 'KyleRaiden017', 'b503bfe9b6d319ae0af9fcc31e4d6d1db58cb56400757375a92dbf780d353cc098bf5c352c4002ff26ee2ebfcff69107b5354de70542d9b9f3ac65a6ef33e574', '2022-01-07 12:05:24'),
	('Y9tmhmC', 'Alvarez', 'Gil Christian', 21, '2000-11-21', 'alvarezgilc2128@gmail.com', '09553918395', 'Blk 2 Lot 19 Owen St', 'null', 'hillsea21', 'd9e6762dd1c8eaf6d61b3c6192fc408d4d6d5f1176d0c29169bc24e71c3f274ad27fcd5811b313d681f7e55ec02d73d499c95455b6b5bb503acf574fba8ffe85', '2021-11-26 00:15:17'),
	('Z0QB1iD', 'Pascual', 'April Kate', 20, '2001-04-23', 'pascualkate29@gmail.com', '19638098', 'Carmona, Cavite', 'null', 'aprilkate29', '9aa4b8170b01b39b1fbdd71eb8c70911517c7e478da83f40130867c3719b6c03dd1e2e118048f0dfa928a3c574f26fb0b9204b34d125b7ea37495c70b6719a66', '2022-01-07 19:42:48'),
	('zoIAReJ', 'Pascual', 'April Kate', 20, '2001-04-23', 'pascualeypril@gmail.com', '09', 'Carmona, Cavite', 'null', 'eyprilkeyt', '9aa4b8170b01b39b1fbdd71eb8c70911517c7e478da83f40130867c3719b6c03dd1e2e118048f0dfa928a3c574f26fb0b9204b34d125b7ea37495c70b6719a66', '2022-01-07 14:31:17');
/*!40000 ALTER TABLE `usertable` ENABLE KEYS */;

/*!40101 SET SQL_MODE=IFNULL(@OLD_SQL_MODE, '') */;
/*!40014 SET FOREIGN_KEY_CHECKS=IFNULL(@OLD_FOREIGN_KEY_CHECKS, 1) */;
/*!40101 SET CHARACTER_SET_CLIENT=@OLD_CHARACTER_SET_CLIENT */;
/*!40111 SET SQL_NOTES=IFNULL(@OLD_SQL_NOTES, 1) */;
